type,text
"headlines","Coffee moments"
"headlines","Autumn coffee rituals"
"headlines","Explore Dawn Blend"
"headlines","Explore Dusk Roast"
"headlines","Explore the collection"
"longHeadlines","Explore Dawn Blend & Dusk Roast: autumn moments with Aster Coffee Works"
"descriptions","Explore Dawn Blend & Dusk Roast. Introduce the collection."
"descriptions","A medium roast whole bean coffee with tasting notes of cocoa and orange."
"descriptions","A dark roast whole bean coffee with tasting notes of cacao and toasted almond."
"descriptions","For curious home coffee drinkers. Explore coffee."
"ctas","Explore the collection"
"ctas","View product details"
"ctas","Find your everyday"